start;duration;pitch;velocity
4.363636363636363;0.2727272727272727;64;95
4.909090909090909;0.2727272727272727;64;95
5.454545454545454;0.2727272727272727;65;95
6.0;0.2727272727272727;65;95
